id;FirstName;LastName;Gender;Birthday;Status;Salary;Taxes;Department;HourlyRate;MaritalStatus;OverTime
1;Kimberley;Kuhic;F;15/5/1990;--;110182;;Sales;40;Single;Yes
1;Kitty;Ruecker;F;24/7/1976;PE;90613;;Sales;76;Married;No
5;Jamal;Cole;M;31/1/1983;PE;109251;;Research & Development;89;Single;Yes
5;Christopher;D'Amore;F;16/3/1974;PE;103614;;Sales;78;Married;No
5;Carly;Ratke;M;16/1/1998;PE;88315;;Research & Development;86;Single;Yes
8;Alvy;Beahan;;5/8/1993;PE;66519;;Sales;77;Divorced;No
8;Paola;Kilback;F;9/11/1981;PE;61536;;Human Resources;46;Divorced;No
10;Pate;Weber;F;3/1/1992;PE;71722;;Research & Development;30;Married;Yes
10;Saige;Casper;M;3/8/1990;;61597;;Research & Development;82;Married;No
11;Buna;Connelly;M;1/1/1990;PE;148038;;Sales;78;Married;Yes
12;Javion;Moore;M;13/2/1976;;137513;;Research & Development;38;Single;No
12;Ursula;Wintheiser;M;26/11/1999;--;135046;;Research & Development;72;Divorced;No
12;Alesia;Hirthe;M;21/4/1979;PE;126664;;Sales;55;Single;No
12;Efrain;Harber;;26/1/1995;;57029;;Research & Development;43;Married;No
19;Jalen;Considine;F;9/12/1987;;110155;;Research & Development;--;Married;No
21;Ezequiel;Baumbach;M;19/12/1992;PE;131575;;Research & Development;96;Married;No
21;Elaine;Barrows;M;8/6/1983;PE;59553;;Research & Development;69;Single;Yes
22;Rashawn;Wyman;M;6/5/1995;;56155;;Research & Development;64;Single;No
24;Ariella;Runte;F;26/12/1993;PE;107325;;Research & Development;87;Divorced;No
24;Abbott;Rippin;F;11/3/1984;PE;93348;;Research & Development;100;Single;No
26;Albertus;Bernier;;6/1/1989;PE;101017;;Research & Development;32;Married;No
31;Syreeta;Altenwerth;M;28/8/1999;PE;117554;;Research & Development;32;Single;No
31;Teddy;Rath;M;17/2/1990;PE;109005;;Sales;51;Married;No
31;Jory;Waters;;5/10/1970;;80945;;Research & Development;91;Single;No
33;Brittnay;Yundt;;30/9/1984;PE;70648;;Research & Development;97;Single;No
34;Aimee;Sauer;M;18/11/1992;CA;125785;;Research & Development;86;Single;No
34;Danyel;Considine;F;5/5/1973;PE;61059;;Sales;64;Married;Yes
35;Virgia;Feil;;19/9/1987;TE;59488;;Research & Development;33;Single;No
36;Lukas;Kunze;;29/9/1996;TE;139432;;Research & Development;88;Single;Yes
36;Einar;Beier;F;6/9/1971;;113541;;Sales;55;Married;Yes
36;Ardell;Von;M;3/3/1989;CA;110429;;Research & Development;68;Married;No
36;Callie;Lesch;M;4/10/1992;;66278;;Research & Development;47;Married;No
37;Jolette;Marks;M;12/10/1977;;132173;;Research & Development;39;Married;No
38;Duke;Krajcik;M;29/9/1977;PE;136383;;Research & Development;44;Single;No
39;Gilda;Gerlach;F;25/6/1987;PE;58922;;Research & Development;97;Married;No
41;Gladyce;Kovacek;F;24/5/1993;PE;110498;;Research & Development;40;Married;Yes
43;Montel;Kunde;F;29/7/1996;CA;105292;;Sales;47;Married;No
45;Tilman;Welch;F;24/5/1973;PE;114153;;Research & Development;79;Married;Yes
45;Manilla;Daniel;M;6/7/1980;--;89318;;Human Resources;38;Single;Yes
46;Nevada;Kunde;F;10/5/1986;PE;112824;;Research & Development;--;Divorced;No
46;Tyrese;Eichmann;F;18/7/1982;;81777;;Research & Development;--;Divorced;Yes
47;Deasia;Herzog;M;15/8/1972;CA;102541;;Research & Development;--;Divorced;No
48;Ruffin;Medhurst;M;13/11/1994;PE;67369;;Sales;98;Married;No
49;Jordyn;Connelly;F;10/11/1990;PE;124399;;Research & Development;67;Married;No
50;Lavada;Schmidt;M;15/5/1987;;101898;;Sales;70;Single;Yes
51;Fleda;Botsford;M;14/1/1989;PE;77949;;Sales;96;Divorced;No
51;Berkley;Nader;M;5/1/1982;PE;69904;;Research & Development;91;Married;No
54;Keandre;Herzog;M;27/6/1991;PE;133885;;Sales;46;Married;No
54;Clovis;Romaguera;F;14/3/1992;PE;94327;;Sales;64;Married;No
56;Seth;Rippin;M;11/4/1976;PE;148561;;Human Resources;71;Married;No
57;Jamin;Gerhold;M;9/8/1996;PE;114066;;Research & Development;68;Single;No
57;Shelli;Hettinger;;18/9/1976;PE;95690;;Sales;33;Married;No
57;Odie;Veum;F;23/7/1988;;85210;;Research & Development;69;Divorced;Yes
61;Florian;Beahan;;3/2/1978;PE;98027;;Research & Development;78;Married;No
62;Ivonne;Langworth;F;1/3/1977;TE;132528;;Research & Development;81;Married;No
62;Jarred;Kilback;M;28/3/1990;PE;56123;;Research & Development;62;Married;No
64;Marcello;Yost;M;15/4/1995;PE;59985;;Research & Development;65;Married;No
65;Faith;Becker;F;16/12/1992;PE;99575;;Research & Development;35;Single;No
66;Savilla;Bernier;F;16/7/1974;PE;122832;;Sales;60;Married;No
66;Ott;Huels;M;17/7/1991;;106909;;Research & Development;45;Married;No
67;Marcy;Schuppe;M;31/12/1983;;142081;;Research & Development;89;Married;No
69;Shaneka;Powlowski;;21/3/1995;PE;103204;;Sales;80;Married;No
71;Bobbie;Kessler;F;3/9/1970;TE;119641;;Sales;90;Single;No
72;Laisha;Collier;F;23/10/1981;PE;131899;;Sales;73;Single;No
73;Brandon;Stokes;F;23/1/1980;;117282;;Research & Development;87;Single;Yes
73;Gregorio;Christiansen;M;25/7/1986;TE;112205;;Research & Development;51;Single;Yes
74;Marlin;Collins;F;26/2/1981;PE;85519;;Sales;38;Married;No
75;Donat;Ryan;M;15/7/1978;PE;88653;;Research & Development;87;Divorced;No
75;Kayson;Towne;F;8/11/1980;TE;68757;;Sales;59;Married;Yes
76;Wilhelm;Halvorson;M;18/6/1984;;56856;;Research & Development;45;Married;No
77;Baldwin;Osinski;;8/8/1993;PE;72896;;Research & Development;80;Married;Yes
78;Brannon;Goldner;F;9/4/1985;PE;72290;;Research & Development;93;Single;No
79;Dorsey;Zemlak;M;30/10/1988;;72049;;Research & Development;46;Married;No
80;Adella;Hintz;F;21/12/1970;PE;116692;;Research & Development;92;Married;No
80;Zelpha;White;M;7/12/1999;PE;84398;;Sales;84;Married;No
82;Rennie;Koch;M;24/8/1993;TE;132854;;Research & Development;87;Divorced;No
82;Gwyneth;Prosacco;;13/9/1995;PE;55602;;Research & Development;63;Married;No
84;Akeelah;Kris;M;22/2/1981;PE;123656;;Sales;56;Single;No
85;Galilea;Waters;;24/7/1970;PE;135774;;Research & Development;51;Married;Yes
87;Citlalli;Dach;F;2/7/1993;PE;133519;;Research & Development;85;Married;Yes
88;Zain;Franecki;F;3/11/1972;PE;141171;;Research & Development;41;Married;Yes
88;Tempie;Heller;F;10/7/1983;PE;141141;;Research & Development;35;Married;No
88;Gustie;Feest;M;29/12/1976;PE;130311;;Research & Development;31;Divorced;Yes
89;Yuridia;Rodriguez;;22/1/1984;TE;129460;;Research & Development;48;Married;No
90;Greyson;Bruen;F;30/10/1972;CA;144889;;Research & Development;50;Single;Yes
90;Zilpha;Kreiger;F;21/7/1980;;91584;;Sales;52;Married;No
91;Glennis;Abshire;M;19/1/1992;;104223;;Sales;54;Single;No
91;Ethelyn;Romaguera;;15/4/1994;PE;90500;;Research & Development;76;Married;Yes
92;Love;Bode;F;16/8/1990;PE;101786;;Research & Development;42;Divorced;No
93;Wells;Wyman;F;29/7/1975;;78807;;Research & Development;84;Married;No
94;Davonta;Hoppe;M;22/9/1973;CA;132089;;Research & Development;76;Married;No
94;Samara;Erdman;F;29/10/1991;PE;119930;;Research & Development;--;Divorced;No
95;Jase;Dibbert;M;3/12/1972;PE;146698;;Research & Development;--;Married;No
95;Hilah;Thompson;;6/5/1984;TE;103413;;Research & Development;--;Divorced;No
97;Jonnie;McDermott;M;13/7/1980;CA;100740;;Research & Development;97;Single;No
98;Leroy;Kuhic;F;18/12/1992;CA;149322;;Sales;70;Single;Yes
98;Carmen;Macejkovic;;13/6/1987;PE;128497;;Human Resources;98;Married;No
99;Austin;Hahn;F;1/5/1975;;88848;;Research & Development;76;Divorced;No
101;Khalilah;Flatley;M;31/3/1974;PE;91171;;Research & Development;80;Married;No
101;Delvin;Schuppe;M;5/6/1997;PE;62462;;Research & Development;52;Married;No
102;Ramona;Reichert;F;26/2/1977;PE;116332;;Research & Development;85;Married;No
102;Stacey;Rice;F;13/2/1975;TE;109856;;Research & Development;81;Single;No
104;Cephus;Botsford;M;11/9/1986;PE;84377;;Research & Development;59;Divorced;No
105;Christa;Buckridge;M;23/5/1998;PE;139709;;Research & Development;54;Married;Yes
105;Lucetta;Kemmer;M;22/3/1980;PE;72335;;Sales;55;Married;No
106;Bennie;Deckow;F;20/10/1985;PE;86508;;Research & Development;71;Married;No
108;Myrta;Kuvalis;M;24/1/1990;PE;106103;;Research & Development;84;Single;Yes
108;Meryl;Wunsch;M;4/11/1999;TE;73793;;Human Resources;37;Married;Yes
109;Odin;Metz;M;5/11/1999;PE;91335;;Research & Development;89;Married;No
109;Joselyn;Schmeler;M;23/6/1970;PE;84979;;Sales;59;Divorced;Yes
110;Julie;Wiegand;F;24/5/1982;PE;141991;;Research & Development;32;Single;Yes
110;Metta;Trantow;;21/12/1977;PE;122444;;Research & Development;86;Married;No
110;Benny;Jenkins;;11/11/1973;TE;86686;;Research & Development;87;Single;No
112;Elease;Torp;F;31/1/1990;PE;89048;;Research & Development;73;Single;Yes
115;Pandora;Goodwin;F;24/4/1975;--;139469;;Sales;42;Single;No
116;Eboni;Feest;M;13/6/1981;--;140226;;Research & Development;42;Married;No
116;Dionte;Hettinger;;21/9/1995;--;96590;;Research & Development;77;Divorced;No
124;Edrie;Wilderman;F;3/2/1976;--;117636;;Research & Development;66;Married;No
124;Alaina;Hilpert;;9/1/1987;PE;62046;;Research & Development;72;Married;No
126;Ulises;Nicolas;F;30/4/1995;PE;134165;;Research & Development;50;Divorced;No
126;Rayfield;Armstrong;;16/1/1974;PE;121744;;Sales;31;Single;No
126;Redmond;Zieme;M;6/4/1979;CA;90315;;Research & Development;66;Divorced;No
126;Kimberli;Walter;M;7/3/1976;CA;60712;;Research & Development;77;Single;No
130;Merwin;O'Keefe;;7/9/1981;TE;95193;;Research & Development;41;Married;Yes
130;Oney;Purdy;M;20/12/1976;PE;59579;;Research & Development;33;Married;No
132;Keira;Lubowitz;M;27/1/1986;PE;137921;;Research & Development;79;Divorced;No
132;Maxim;Orn;M;1/3/1971;CA;127966;;Research & Development;91;Married;No
132;Esmeralda;Nolan;F;3/11/1996;PE;57474;;Research & Development;65;Married;No
134;Seth;Schuppe;;23/11/1986;--;148986;;Sales;36;Single;Yes
135;Aletha;Konopelski;;18/1/1984;PE;60778;;Research & Development;90;Married;No
137;Colette;Franecki;;2/6/1990;PE;127923;;Sales;43;Divorced;Yes
137;Winston;Sipes;M;22/5/1998;PE;106134;;Sales;93;Divorced;No
137;Rosco;Lynch;;20/6/1989;PE;103499;;Research & Development;45;Divorced;No
138;Freddie;Emmerich;M;19/12/1987;;138387;;Sales;67;Married;No
138;Nannette;Wintheiser;;5/10/1985;PE;124371;;Research & Development;74;Divorced;Yes
141;Thurman;Bosco;F;29/6/1973;PE;130265;;Research & Development;42;Single;No
141;Bayard;Bartoletti;M;21/11/1990;CA;115560;;Sales;47;Divorced;No
142;Ashby;Waelchi;F;12/8/1985;;119416;;Research & Development;36;Single;No
143;Ilo;Mohr;F;8/1/1985;PE;106096;;Sales;80;Single;Yes
143;Miranda;Hagenes;M;21/4/1980;TE;68804;;Sales;54;Single;No
144;Stanford;Roberts;;14/11/1996;PE;147941;0,04;Sales;36;Divorced;Yes
144;Gavin;Kuhic;M;20/9/1985;PE;132542;;Research & Development;--;Married;No
144;Tracey;Lebsack;F;24/4/1975;CA;72866;;Human Resources;--;Divorced;Yes
147;Bryan;Schulist;M;10/9/1972;PE;146652;;Research & Development;--;Single;Yes
148;Celeste;Bernhard;M;24/4/1973;CA;76386;;Research & Development;--;Married;No
149;Sheilah;Hoeger;F;11/12/1990;PE;57102;;Research & Development;48;Married;No
151;Ephram;Lindgren;M;10/12/1994;CA;130053;;Sales;95;Married;Yes
151;Truman;Hansen;M;15/1/1999;PE;108002;;Research & Development;95;Single;No
154;Jiles;Osinski;M;3/12/1981;--;59309;;Research & Development;76;Single;No
156;Armstead;O'Kon;F;7/8/1984;PE;75042;;Research & Development;94;Divorced;No
157;Shana;Prosacco;;1/11/1973;PE;64181;;Research & Development;57;Married;No
160;Daniele;Kassulke;M;28/4/1989;PE;138123;;Research & Development;92;Divorced;No
160;Zita;Hermiston;M;29/4/1997;PE;128330;;Research & Development;79;Married;No
160;Denice;Hayes;;17/6/1976;PE;115752;;Sales;31;Divorced;No
160;Kelley;Stiedemann;;14/9/1977;PE;78564;;Research & Development;35;Married;No
161;Zion;Cronin;;30/9/1991;PE;115523;;Sales;99;Divorced;Yes
163;Ester;Emmerich;M;13/8/1989;;134033;;Research & Development;96;Married;Yes
163;Offie;Bernier;M;18/12/1983;PE;89910;;Research & Development;79;Single;Yes
163;January;Balistreri;F;26/10/1995;;63802;;Sales;73;Married;Yes
165;Jalissa;Bogisich;F;7/1/1974;PE;101133;;Research & Development;62;;No
165;Bennett;Bahringer;M;16/4/1971;PE;66507;;Sales;35;;No
166;Ailene;Bradtke;M;27/10/1977;TE;126848;;Research & Development;43;;No
167;Nick;Little;M;20/8/1980;PE;103003;;Sales;51;Single;No
167;Harmony;Welch;;18/7/1991;PE;83793;;Research & Development;74;Married;No
171;Christa;Roob;M;17/12/1996;TE;110838;;Human Resources;58;Married;No
171;Hope;Zboncak;F;18/7/1989;PE;109051;;Sales;82;Married;1
172;Medora;Wisoky;M;13/9/1994;PE;113470;;Research & Development;62;Married;No
172;Valentino;Borer;;16/1/1979;;103891;;Research & Development;48;Single;No
174;Devin;Reynolds;;15/1/1991;TE;56817;;Research & Development;56;Married;No
175;Melton;Sporer;;24/11/1994;CA;115644;;Research & Development;69;Married;No
175;Aja;Lynch;M;21/8/1986;PE;69271;;Human Resources;60;Married;No
176;Breonna;Schaefer;F;28/6/1982;PE;105640;;Research & Development;92;Married;Yes
177;Carmelita;Bednar;M;22/2/1997;;71107;;Research & Development;91;Divorced;No
177;Alena;Johns;M;30/7/1980;PE;64689;;Research & Development;34;Single;No
183;Heyward;Mueller;M;7/11/1984;;118215;;Research & Development;49;Married;No
184;Sheree;Morar;M;22/3/1997;CA;86222;;Research & Development;33;Married;No
185;Wally;Hirthe;M;20/7/1991;PE;129998;;Sales;87;Married;No
185;Thomas;Leffler;M;27/1/1991;PE;96328;;Sales;74;Divorced;Yes
185;Quint;Halvorson;M;24/11/1978;TE;56029;;Sales;96;Divorced;Yes
187;Audie;Weimann;F;14/11/1972;PE;118431;;Sales;34;Single;No
188;Fenton;Block;F;23/2/1990;PE;119342;;Research & Development;51;Single;No
188;Gracie;Shanahan;M;21/9/1992;PE;61106;;Research & Development;30;Single;No
188;;;;;;;;;;;
189;Clarke;Block;;10/7/1982;PE;80576;;Sales;80;Married;No
191;Denice;Hand;F;29/10/1994;TE;83935;;Sales;88;Single;No
191;Jacquez;Halvorson;F;3/8/1991;PE;55690;;Human Resources;56;Married;No
193;Imanol;Streich;M;30/9/1974;PE;76056;;Research & Development;78;Single;No
194;Ace;Upton;;25/8/1987;PE;120120;;Human Resources;59;Married;No
194;Trilby;Hartmann;F;11/1/1979;PE;118209;;Human Resources;66;Divorced;No
194;Travon;Schmitt;M;7/12/1999;CA;112990;;Sales;51;Married;No
195;Mustafa;Emard;M;16/3/1972;PE;55003;;Research & Development;67;Single;No
196;Ebb;Thiel;M;19/10/1982;PE;142036;;Sales;52;Single;No
198;Acy;Paucek;M;17/11/1992;--;146126;;Research & Development;70;Single;Yes
202;Amarion;Tromp;;5/1/1970;CA;146723;;Sales;94;Divorced;No
202;Delwin;Satterfield;M;8/5/1992;TE;146286;;Research & Development;97;Married;Yes
202;Brandon;Yost;F;22/1/1993;PE;84858;;Sales;62;Single;No
204;Selah;Pfeffer;;20/4/1991;;90609;;Sales;80;Single;No
206;Ardell;Swift;F;15/6/1997;PE;146257;;Sales;74;Single;Yes
207;True;Mante;M;29/4/1984;TE;84350;;Research & Development;75;Married;No
208;Minerva;Sawayn;M;9/8/1979;CA;139741;;Sales;70;Married;No
208;Nancie;Smith;F;12/3/1998;PE;107216;;Research & Development;91;Divorced;No
208;Jedidiah;Zieme;;20/10/1999;CA;85879;;Research & Development;58;Married;No
211;Savon;Lubowitz;M;11/11/1972;PE;110521;;Research & Development;65;Single;No
211;Alyce;Haag;M;5/10/1979;PE;106761;;Research & Development;60;Married;Yes
211;Lexie;Robel;M;5/9/1997;;106595;;Research & Development;38;Married;Yes
212;Fredy;Mraz;F;5/5/1994;PE;104426;;Research & Development;57;Divorced;No
213;Willie;O'Keefe;F;12/1/1998;PE;124504;;Research & Development;60;Married;No
213;Lyn;Bechtelar;F;27/4/1990;TE;104808;;Research & Development;90;Divorced;No
214;Debbie;Bayer;F;31/12/1983;PE;140985;;Research & Development;--;Divorced;No
214;Gail;Erdman;F;23/10/1975;PE;84614;;Sales;87;Divorced;Yes
215;Pasquale;Boyle;M;9/4/1971;CA;132888;;Research & Development;60;Married;Yes
216;Jazlyn;Davis;M;11/4/1994;CA;118945;;Human Resources;97;Single;No
217;Adrian;Christiansen;F;20/5/1992;PE;118067;;Sales;32;Single;No
217;Ryann;Mertz;M;21/6/1997;;83567;;Sales;31;Single;No
217;Alec;Spinka;M;11/7/1993;PE;62865;;Research & Development;40;Married;No
218;Kaiden;Hayes;;6/4/1975;CA;143624;;Research & Development;79;Married;Yes
219;Vicente;Wiegand;M;7/4/1992;PE;67066;;Sales;91;Married;No
221;Devonte;Erdman;M;15/9/1985;PE;59567;;Research & Development;53;Married;No
222;Lucie;Murphy;M;22/5/1991;PE;146587;;Sales;46;Married;No
222;Goldia;Kulas;F;22/9/1977;PE;145125;;Research & Development;46;Divorced;Yes
222;Yaakov;Skiles;;17/5/1988;--;134281;;Research & Development;90;Married;Yes
222;Elodie;Heller;M;15/6/1998;PE;131562;0,03;Research & Development;99;Divorced;Yes
222;Beckie;Welch;F;13/5/1983;;85858;;Human Resources;89;Divorced;No
222;Caddie;Toy;F;16/12/1986;PE;74409;;Sales;84;Single;Yes
225;Michaela;Sanford;F;5/5/1976;PE;70382;;Research & Development;90;Married;No
227;Leone;Upton;M;8/3/1988;CA;148436;;Research & Development;82;Married;No
227;Xiomara;Armstrong;;29/7/1996;PE;145164;;Research & Development;65;Single;No
228;Newt;Kertzmann;F;14/5/1997;PE;80860;;Sales;98;Single;No
229;Octave;Grant;;28/4/1975;;69936;;Research & Development;99;Married;No
232;Marland;Bayer;F;10/4/1991;TE;144022;;Research & Development;95;Married;No
232;Urijah;McClure;F;29/4/1971;TE;105555;;Research & Development;90;Divorced;No
232;Gaither;Jakubowski;;10/10/1987;PE;65128;;Human Resources;100;Divorced;No
233;Leo;Bartell;;7/7/1995;PE;74990;;Research & Development;93;Married;No
233;Bryce;Beatty;M;15/12/1970;CA;57111;;Research & Development;58;Single;No
235;Eugenie;Senger;M;19/10/1998;TE;125441;;Sales;83;Divorced;No
235;Melody;Farrell;M;5/6/1981;PE;89670;;Research & Development;52;Single;No
235;Lakendra;Ruecker;;1/10/1973;PE;73881;;Research & Development;85;Single;No
236;Boyd;Hirthe;;29/12/1986;PE;73884;;Sales;--;Divorced;Yes
237;Leora;Tromp;M;13/6/1984;TE;84218;;Research & Development;64;;No
237;Lauri;Hodkiewicz;;9/5/1975;;59596;;Human Resources;69;;Yes
238;Addison;Sanford;;20/9/1977;CA;111234;;Research & Development;66;;No
240;Melissa;Bode;F;19/7/1986;CA;65725;;Research & Development;52;;No
241;Jaclyn;O'Connell;F;30/1/1993;PE;126787;;Sales;92;Married;No
242;Milo;Sanford;F;18/12/1973;PE;112077;;Sales;52;Divorced;No
242;Clemence;O'Connell;F;24/6/1984;PE;92830;;Research & Development;91;Married;No
244;Helene;Medhurst;M;13/8/1982;PE;123711;;Research & Development;92;Divorced;Yes
245;Gladis;Yost;;30/12/1996;PE;74821;;Research & Development;47;Divorced;No
245;Rico;Wilderman;M;29/12/1970;PE;73523;;Research & Development;68;Married;No
246;Alwilda;Lueilwitz;M;10/7/1999;PE;132499;;Sales;68;Married;No
249;Elmer;Reichert;M;9/4/1978;PE;84094;;Research & Development;67;Married;No
251;Burnie;Marvin;;16/2/1998;PE;76057;;Sales;77;Married;Yes
253;Margot;Connelly;F;30/4/1982;;75082;;Sales;46;Single;No
254;Leonor;Reynolds;F;9/4/1989;CA;79301;;Research & Development;87;Married;Yes
257;Vergie;Tremblay;F;9/12/1987;CA;149999;0,03;Research & Development;33;Single;No
259;Cain;Rath;;30/12/1980;PE;148413;;Human Resources;89;Married;No
260;Karley;Hahn;M;24/8/1984;PE;134543;;Human Resources;56;Divorced;Yes
260;Hillard;Aufderhar;;21/1/1985;PE;93850;;Sales;67;Married;No
261;Harley;Conn;M;24/10/1983;PE;98869;;Research & Development;73;Married;Yes
261;Garey;Vandervort;F;19/7/1971;PE;67132;;Sales;92;Married;No
263;Lorrayne;Volkman;M;13/11/1988;TE;121555;;Research & Development;53;Single;Yes
264;Jaeda;Effertz;;21/3/1994;PE;131924;;Research & Development;40;Married;No
266;Giovani;Friesen;F;26/3/1980;CA;87001;;Sales;79;Single;No
267;Eliot;Johnston;M;27/10/1979;PE;121358;;Research & Development;38;Married;No
267;Karlee;Labadie;M;17/11/1975;PE;108276;;Research & Development;64;Single;1
269;Kiya;Reynolds;F;1/4/1981;;100427;;Research & Development;82;Divorced;No
269;Mabel;VonRueden;M;21/1/1979;PE;76933;;Human Resources;43;Divorced;No
270;Rigoberto;Swift;;27/12/1986;PE;133069;;Research & Development;93;Divorced;No
270;Loula;Hahn;F;23/9/1998;PE;107869;;Research & Development;81;Single;No
272;Leonora;Kirlin;M;6/10/1987;PE;85853;;Sales;82;Single;Yes
273;Davis;Price;;17/3/1990;PE;81471;;Sales;45;Divorced;No
274;Salina;Hammes;F;16/4/1979;TE;122286;;Sales;36;Married;No
275;Moody;Fritsch;F;2/10/1992;PE;62066;;Human Resources;87;Married;No
276;Hart;Kunze;M;8/9/1974;CA;73245;;Research & Development;81;Married;No
277;Bliss;Abshire;F;20/8/1985;PE;106218;;Research & Development;91;Married;No
277;Talmage;Bartell;F;19/2/1989;PE;103606;;Research & Development;73;Single;Yes
277;Rosanne;Heathcote;F;23/6/1993;;67357;;Sales;64;Married;No
277;Meta;Denesik;F;21/12/1971;PE;65794;;Research & Development;77;Married;No
278;Lorelei;Spencer;M;10/2/1973;PE;126556;;Research & Development;41;Divorced;No
279;Alaina;Klocko;F;7/9/1981;PE;125133;;Research & Development;98;Married;No
279;Jarod;Jerde;;30/1/1979;PE;113984;;Sales;78;Married;No
281;Alston;Davis;F;5/8/1970;;123387;;Sales;89;Single;No
281;Simon;Ortiz;F;18/5/1978;;67293;;Research & Development;75;Single;Yes
282;Waymon;Bauch;M;29/12/1973;PE;118954;;Sales;63;Married;Yes
284;Francies;McGlynn;F;5/5/1991;PE;131460;;Research & Development;89;Divorced;No
285;Merl;Wintheiser;;30/1/1980;PE;130592;;Sales;64;Married;Yes
285;Pennie;Goodwin;;26/3/1997;PE;76698;;Research & Development;59;Single;No
286;Mickey;Hettinger;;2/7/1996;CA;79999;;Research & Development;78;Married;Yes
287;Jory;Tromp;F;6/6/1985;PE;133805;;Research & Development;44;Married;Yes
288;Rubie;Hartmann;M;6/9/1996;PE;64643;;Research & Development;93;Married;No
289;Jeryl;Lesch;F;24/5/1971;PE;144888;;Human Resources;94;Single;No
289;Uriah;Bashirian;M;22/3/1974;PE;102185;;Research & Development;98;Divorced;No
290;Frieda;Barrows;M;27/9/1981;PE;130890;;Research & Development;90;Married;Yes
291;Berneice;Powlowski;;25/11/1980;PE;146171;;Sales;89;Single;0
291;Solomon;Ziemann;M;30/5/1975;;86358;;Research & Development;--;Divorced;0
293;Drury;Weissnat;;29/1/1982;PE;99258;;Research & Development;78;Married;0
293;Rob;Hagenes;M;27/1/1997;TE;73762;;Research & Development;85;Married;Yes
296;Verona;Padberg;M;14/10/1998;;125561;;Research & Development;97;Single;No
296;Isiah;Crist;;12/10/1984;CA;85347;;Sales;33;Married;No
297;Clemmie;Crist;M;24/4/1988;CA;67216;;Sales;54;Married;No
298;Edwina;Aufderhar;M;8/9/1989;PE;89080;;Research & Development;83;Married;No
299;Alvin;Marvin;F;21/7/1989;;109310;;Sales;86;Divorced;Yes
301;Garrison;Schulist;M;14/10/1982;PE;109871;;Sales;75;Married;Yes
301;Leonore;Stroman;M;18/2/1991;PE;58179;;Research & Development;62;Divorced;No
301;Jimmie;Wisoky;F;15/3/1982;PE;55945;;Research & Development;61;Married;No
302;Vernell;Schmidt;F;8/8/1983;;123021;;Research & Development;44;Single;No
303;Dennis;Cole;M;16/4/1993;;147018;;Sales;43;Single;No
303;Martell;Kassulke;;20/2/1972;TE;127189;;Sales;42;Married;Yes
304;Iesha;Franecki;M;16/7/1975;TE;100401;;Sales;45;Single;No
307;Colt;Schmitt;F;31/7/1990;;79093;;Sales;32;Married;No
307;Percival;Flatley;F;11/12/1982;PE;67961;;Research & Development;41;Married;No
308;Elberta;Harvey;F;29/12/1988;PE;146691;;Research & Development;86;Married;Yes
309;Beatriz;Brakus;;12/7/1974;TE;118988;;Sales;84;Single;Yes
309;Wilfred;Willms;M;19/7/1998;;108311;;Research & Development;64;Married;No
310;Sammy;Dickinson;F;20/4/1996;PE;136082;;Sales;89;Married;No
310;Tolbert;Trantow;M;7/9/1994;PE;91941;;Research & Development;87;Married;No
312;Rylie;Bode;M;5/3/1978;PE;146229;;Research & Development;58;Divorced;Yes
312;Osborne;Bayer;M;13/8/1990;PE;111836;;Sales;72;Married;Yes
313;Danette;Ward;;30/7/1987;TE;129422;;Research & Development;47;Single;Yes
317;Arthur;Beatty;M;4/7/1974;;89660;;Research & Development;71;Divorced;No
318;Makena;Heidenreich;M;27/8/1974;CA;95112;;Research & Development;--;Married;No
318;Bev;Schuster;F;23/6/1981;PE;69093;;Sales;77;Divorced;Yes
321;Lim;Schmitt;M;19/2/1974;CA;128365;;Human Resources;58;Married;No
325;Migdalia;Sauer;M;24/8/1992;PE;144271;;Sales;71;Married;No
325;Latifah;Howe;M;22/3/1994;TE;81518;;Research & Development;49;Single;No
326;Mandy;Greenfelder;;16/11/1995;PE;79047;;Research & Development;48;Divorced;Yes
326;Denton;Becker;F;13/5/1984;PE;60045;;Research & Development;66;Married;No
327;Amarion;Larkin;M;28/6/1987;PE;145321;;Sales;32;Single;No
327;Renea;Erdman;M;3/8/1986;PE;64245;;Sales;39;Divorced;No
327;Byrd;Wintheiser;M;1/11/1983;PE;62026;;Research & Development;95;Single;No
328;Otha;Keebler;F;4/2/1990;PE;141310;;Research & Development;89;Married;No
328;Randal;Greenholt;F;5/5/1996;CA;121584;;Research & Development;34;Divorced;No
329;Elizabet;Dickinson;F;13/3/1985;CA;117526;;Research & Development;48;Married;No
329;Jailene;Lakin;M;10/11/1987;CA;97618;;Research & Development;32;Divorced;No
332;Alston;Grimes;M;14/5/1977;CA;118206;;Sales;59;Single;No
332;Kazuko;Abbott;F;7/2/1990;PE;58642;;Sales;55;Married;Yes
333;Gidget;Champlin;M;28/4/1975;PE;57584;;Sales;44;Single;No
335;Antionette;Morar;;13/9/1973;;76351;;Research & Development;56;Single;No
337;Carlota;Ruecker;;14/5/1973;PE;141437;;Sales;63;Married;Yes
337;Omar;Beier;M;22/1/1977;;125879;;Sales;66;Single;Yes
340;Osie;Bruen;M;18/8/1979;TE;85492;;Research & Development;67;Married;No
341;Helena;Runte;;9/12/1996;PE;60112;;Research & Development;36;Divorced;No
343;Eldred;Hahn;M;2/9/1998;PE;146067;;Research & Development;30;Married;No
344;Elyse;Stroman;F;24/1/1975;PE;107074;;Human Resources;88;Married;Yes
345;Jajuan;Leffler;M;15/4/1981;;92701;;Human Resources;71;Married;Yes
346;Albertus;Littel;M;6/3/1994;;55958;;Research & Development;59;Divorced;Yes
348;Hebert;Muller;M;4/9/1990;PE;100324;;Sales;77;Single;No
348;Tiffanie;Hessel;F;9/3/1987;PE;64381;;Research & Development;37;Single;No
349;Kamora;Bednar;;24/7/1988;PE;72137;;Research & Development;40;Married;No
350;Maci;Hilll;F;23/11/1996;;124359;;Research & Development;77;Single;Yes
350;Wanda;Cartwright;M;9/9/1981;PE;87829;;Research & Development;--;Single;No
351;Kurt;Nikolaus;F;14/12/1980;PE;101337;;Research & Development;78;Single;No
352;Austin;Collins;;12/1/1991;;59530;;Research & Development;73;Married;No
353;Gigi;Heathcote;;26/1/1997;PE;143397;;Sales;92;Married;No
353;Hayden;Koepp;F;1/1/1991;PE;119933;;Human Resources;82;Married;No
353;Annika;Runte;M;24/7/1992;;62438;;Research & Development;76;Married;No
354;Levon;Reinger;F;10/1/1980;PE;100738;;Research & Development;57;Divorced;Yes
355;Theodis;Ruecker;F;28/6/1990;PE;126923;;Research & Development;84;Single;No
357;Darby;Herzog;M;24/5/1980;CA;72575;;Research & Development;59;Divorced;No
358;Payton;Homenick;;2/3/1994;;59924;;Sales;86;Married;No
360;Jasmin;Willms;F;27/8/1982;PE;126649;;Sales;54;Married;No
360;Claud;Schultz;;4/12/1971;PE;73087;;Research & Development;72;Married;No
360;Myles;Ritchie;M;19/1/1979;;69366;;Research & Development;35;Divorced;Yes
362;Janyce;Yundt;F;18/1/1983;PE;82091;;Research & Development;76;Married;No
362;Woodson;Dietrich;;31/5/1992;PE;77757;;Research & Development;98;Married;No
363;Moody;Padberg;F;27/6/1996;PE;117535;;Research & Development;43;Married;Yes
364;Korbin;Ondricka;M;19/12/1981;TE;121109;;Research & Development;63;Single;0
366;Karel;McLaughlin;M;14/5/1984;TE;84829;;Research & Development;48;Single;0
366;June;Hamill;;4/2/1981;TE;74381;;Research & Development;95;Married;Yes
366;Jaimee;Ryan;M;14/5/1983;PE;65156;;Research & Development;49;Single;No
367;Kerwin;Purdy;;3/1/1979;PE;55215;;Research & Development;83;Married;No
368;Celia;Konopelski;F;8/1/1986;PE;61724;;Sales;68;Married;No
370;Theresa;Gulgowski;M;10/1/1975;;81277;;Research & Development;52;Single;No
372;Mauricio;Bergnaum;F;25/7/1975;CA;140239;;Research & Development;99;Married;No
373;Alize;Murazik;F;8/4/1972;;119571;;Sales;48;Married;No
373;Almond;Waters;M;15/4/1973;PE;93094;;Research & Development;42;Married;1
374;Birt;Farrell;F;31/8/1971;PE;86943;;Sales;85;Divorced;1
376;Kyle;Ankunding;F;31/8/1980;PE;146364;;Sales;--;Divorced;No
377;Corry;Wehner;M;8/4/1984;PE;93686;;Research & Development;42;Single;Yes
377;Malcolm;Schmitt;M;30/3/1974;PE;59482;;Sales;58;Single;Yes
378;Jeannine;Hyatt;;18/11/1970;PE;126739;;Research & Development;87;Single;No
383;Jennie;Feeney;F;5/2/1984;PE;108970;;Sales;33;Married;No
384;Felecia;Bednar;M;23/3/1996;;106510;;Sales;94;Married;No
385;Marina;Stark;M;19/2/1995;TE;98078;;Research & Development;97;Divorced;No
386;Delmas;Daugherty;;13/2/1997;;69926;;Research & Development;57;Divorced;No
387;Ellsworth;Carter;M;24/7/1979;TE;138540;;Research & Development;36;Married;Yes
387;Jalen;Waters;F;22/9/1980;PE;118124;;Research & Development;56;Married;No
387;Iva;Green;F;30/7/1978;PE;67147;;Research & Development;72;Married;No
389;Skyla;Kris;M;2/2/1971;CA;149507;;Research & Development;60;Married;No
390;Rosanne;Kihn;M;2/1/1990;PE;149941;;Sales;95;Married;No
391;Raekwon;Kuhn;F;6/2/1972;CA;149482;;Sales;88;Divorced;No
391;Iesha;Marvin;;27/6/1986;CA;128357;;Sales;57;Divorced;No
392;Karma;Shields;F;16/7/1983;TE;103352;;Research & Development;78;Single;No
395;Abie;Kuhn;F;13/9/1981;PE;109730;;Human Resources;31;Single;Yes
396;Rudolfo;Schumm;F;6/8/1987;CA;110232;;Sales;100;Married;No
397;Millicent;Moen;M;15/3/1983;PE;116407;;Sales;94;Divorced;No
398;Chase;Goyette;F;16/12/1982;CA;149717;;Sales;100;Married;No
398;Alene;Kuvalis;F;11/10/1973;PE;103230;;Sales;50;Single;No
400;Adonis;Kessler;M;1/11/1979;PE;86648;;Research & Development;52;Single;No
403;Audry;Dickinson;F;15/4/1977;PE;60869;;Research & Development;80;Married;Yes
406;Vida;Hintz;F;28/10/1971;PE;121373;;Research & Development;98;Married;No
407;Baylie;Conroy;M;17/6/1988;TE;125274;;Research & Development;62;Married;No
409;Rhea;Runolfsdottir;M;13/9/1994;PE;98150;;Research & Development;46;Married;Yes
409;Brionna;Block;F;17/4/1973;;55607;;Research & Development;73;Single;No
410;Orren;Berge;;26/4/1997;TE;132390;;Sales;39;Divorced;Yes
410;Emeline;Jast;M;8/12/1994;PE;129714;;Sales;60;Married;No
410;Johan;Haag;F;8/6/1975;PE;118838;;Research & Development;74;Single;No
411;Brody;Hegmann;F;22/4/1978;PE;132509;;Sales;30;Single;No
411;Royal;Balistreri;;24/4/1981;PE;112817;;Research & Development;41;Married;No
411;Jennette;Kemmer;F;10/8/1993;PE;92197;;Research & Development;42;Married;No
413;Keeley;Conroy;F;17/1/1970;PE;55726;;Research & Development;87;Married;Yes
414;Almeda;Murazik;M;12/3/1988;TE;134422;;Sales;63;Married;No
415;Quintin;Halvorson;M;7/6/1976;;81527;;Research & Development;82;Married;No
418;Doreen;Baumbach;F;29/3/1980;PE;55033;;;40;;Yes
419;Royal;Leffler;F;18/12/1998;PE;143991;0,03;;76;;No
419;Tari;Waelchi;F;8/10/1998;PE;84696;;;89;Married;Yes
420;Judi;Daugherty;F;23/7/1980;PE;56124;;;78;Married;No
424;Oland;Bradtke;M;7/7/1972;PE;96697;;Sales;86;Married;Yes
424;Gaylon;Fadel;;5/10/1991;TE;64107;;Sales;77;Divorced;No
426;Christop;Frami;M;6/1/1997;;56324;;Research & Development;46;Single;No
427;Herbert;Brown;F;21/5/1984;PE;130710;;Sales;30;Divorced;Yes
427;Kelsey;Feil;F;14/4/1981;TE;122762;;Research & Development;82;Married;No
428;Mansfield;Mosciski;;22/3/1986;PE;135099;;Sales;78;Married;Yes
428;Georgeann;Gislason;F;26/7/1991;CA;133563;;Human Resources;38;Married;No
428;Marylee;Schimmel;F;29/6/1998;PE;98535;;Research & Development;72;Divorced;No
428;Salomon;Carter;M;30/5/1987;;96431;;Research & Development;--;Married;No
429;Izetta;Keeling;M;12/6/1973;;138064;;Sales;43;Married;No
429;Ernie;Harber;M;15/10/1997;PE;70102;;Research & Development;97;Married;No
430;Jaylynn;Kerluke;M;9/10/1997;PE;130936;;Research & Development;96;Single;No
430;Octavia;Schaefer;;23/2/1971;TE;119608;;Sales;69;Single;Yes
430;Joseph;Reynolds;M;28/12/1977;PE;97293;;Research & Development;64;Married;No
430;Stephan;Streich;;8/2/1995;PE;80348;;Research & Development;87;Single;No
431;Maynard;Zieme;;12/10/1982;PE;76354;;Research & Development;100;Married;No
436;Anahi;Will;;11/7/1981;PE;127531;;Research & Development;32;Married;No
438;Blanchard;Ryan;M;15/1/1997;PE;138655;;Research & Development;32;Single;No
438;Gracelyn;Friesen;M;7/8/1974;PE;73455;;Research & Development;51;Married;No
439;Jesenia;Nicolas;M;28/2/1979;PE;89252;;Research & Development;91;Married;No
439;Esther;Cartwright;M;14/9/1998;;85697;;Research & Development;97;Married;No
442;Lavon;Kunze;M;29/5/1991;PE;86608;;Research & Development;86;Divorced;No
442;Kyrie;Sanford;M;15/4/1992;PE;75514;;Sales;64;Divorced;Yes
442;Jazmine;Goyette;;15/2/1990;;67732;;Research & Development;33;Single;No
443;Zadie;Gorczany;M;21/6/1992;;123502;;Research & Development;88;Single;Yes
443;Tristin;Shields;F;25/8/1980;PE;97981;;Research & Development;55;Single;Yes
444;Justus;Ullrich;M;17/1/1981;TE;90633;;Sales;68;Married;No
445;Woodson;Bins;F;14/3/1992;PE;113482;;Research & Development;47;Married;No
445;Octavia;Cormier;F;21/3/1978;;80301;;Research & Development;39;Divorced;No
445;Darrius;Roberts;;21/1/1977;PE;56414;;Sales;44;Divorced;No
446;Kristian;Heidenreich;F;11/7/1975;PE;146795;;Research & Development;97;Married;No
446;Jan;Fahey;M;25/10/1987;PE;144382;;Research & Development;40;Married;Yes
446;Warren;Corkery;F;9/2/1990;PE;70914;;Research & Development;47;Married;No
447;Marin;Schowalter;;23/10/1981;CA;119484;;Research & Development;79;Married;Yes
447;Francies;Schoen;F;4/11/1993;PE;94327;;Research & Development;38;Married;Yes
449;Tyquan;Sanford;F;10/9/1982;;111819;;Research & Development;57;Divorced;No
449;Eugenia;Will;F;17/8/1976;PE;66967;;Sales;72;Divorced;Yes
450;Carrol;Little;M;2/12/1982;PE;75423;;Research & Development;66;Single;No
452;Brittaney;Wisoky;M;3/2/1974;PE;114863;;Human Resources;98;Single;No
453;Lucretia;Mante;F;24/10/1976;PE;98550;;Research & Development;67;Married;No
454;Carmen;Lind;F;8/4/1997;TE;147651;;Research & Development;70;Divorced;Yes
455;Isamar;Grimes;M;10/10/1991;TE;113122;;Research & Development;96;Married;No
456;Denine;Crona;M;29/10/1981;PE;105854;;Sales;91;Single;No
457;Kaelynn;Pollich;M;2/12/1995;CA;148552;;Research & Development;46;Single;No
457;Dorathy;Senger;M;26/12/1993;CA;64114;;Sales;64;Married;No
458;Desmond;Pfeffer;F;7/4/1970;CA;72361;;Sales;71;Married;No
459;Claiborne;Kuhn;F;15/5/1995;PE;58088;;Research & Development;68;Married;No
460;Abbey;Fahey;F;27/8/1982;;124621;;Sales;33;Married;No
460;Erin;Schmidt;;30/11/1996;PE;107436;;Sales;69;Single;Yes
462;Doris;Effertz;M;15/4/1971;;89444;;Human Resources;78;Divorced;No
462;Penelope;Crona;M;12/6/1999;PE;80458;;Research & Development;81;Married;No
462;Maddux;Fahey;M;1/7/1973;PE;74497;;Sales;62;Single;No
462;Helena;Denesik;M;15/1/1975;PE;57771;;Research & Development;65;Single;No
463;Ellison;Bednar;F;10/3/1984;PE;81377;;Research & Development;35;Married;No
464;Texanna;Rohan;F;9/9/1997;PE;140536;;Research & Development;60;Married;No
466;Isom;Hartmann;;28/7/1986;TE;144872;;Research & Development;45;Married;No
469;Patric;O'Hara;F;17/3/1973;PE;120552;;Research & Development;89;Married;No
472;Johny;Volkman;M;25/7/1998;PE;143599;;Research & Development;80;Married;No
473;Misti;Hammes;M;14/5/1970;;117924;;Sales;90;;No
474;Carey;Harber;;9/5/1990;PE;140852;;Research & Development;73;;No
475;Abe;Schultz;M;15/11/1994;CA;71706;;Research & Development;87;Married;Yes
476;Zack;Koch;F;20/11/1970;PE;109910;;Sales;51;Married;Yes
476;Jerrilyn;Jakubowski;;17/6/1975;TE;88637;;Sales;38;Married;No
476;Claiborne;Lockman;F;21/12/1980;PE;87904;;Sales;87;Divorced;No
476;Lamonte;Rolfson;M;27/9/1979;PE;68661;;Research & Development;59;Single;Yes
477;Nathaly;Adams;M;29/1/1974;PE;100052;;Research & Development;45;Divorced;No
478;Palma;Beahan;F;6/5/1972;PE;124103;;Sales;80;Married;Yes
480;Jarrad;Schmitt;;19/2/1988;PE;126906;;Research & Development;93;Married;No
480;Guss;Schultz;;27/4/1996;PE;95139;;Sales;46;Married;No
482;Anibal;Dare;M;23/5/1986;TE;149219;;Research & Development;92;Divorced;No
482;Rahn;Gusikowski;;2/4/1989;CA;124691;;Research & Development;84;Married;No
482;Fran;Pagac;M;31/12/1992;PE;99065;;Research & Development;87;Married;No
483;Desirae;Frami;F;8/7/1982;PE;105702;;Research & Development;63;Married;No
483;Melissia;Strosin;F;13/12/1973;PE;100176;;Research & Development;56;Single;No
483;Lenord;Kihn;M;1/7/1994;;64598;;Sales;51;Single;Yes
484;Aryana;Hammes;M;19/6/1973;PE;93551;;Research & Development;85;Married;Yes
486;Gorden;Vandervort;F;25/10/1977;PE;147202;;Research & Development;--;Single;Yes
486;Kelby;Hessel;M;21/6/1972;PE;103945;;Sales;35;Married;No
489;Karma;Herman;F;22/12/1994;PE;111818;;Research & Development;31;Married;Yes
490;Beula;Koss;F;29/4/1971;;77730;;Research & Development;48;Single;No
490;Chace;Crist;F;2/1/1985;PE;71364;;Research & Development;50;Married;Yes
491;Chelsi;Parisian;M;24/2/1987;PE;142266;;Research & Development;52;Married;No
491;Cherelle;Waelchi;M;5/7/1982;PE;56568;;Research & Development;54;Married;No
492;Edwin;Graham;M;2/5/1997;PE;138471;;Research & Development;76;Divorced;Yes
492;Sidney;Reilly;;11/2/1977;TE;67500;;Research & Development;42;Divorced;No
492;Claudine;O'Conner;;12/7/1994;;61888;;Sales;84;Single;No
492;Irl;Okuneva;M;4/10/1981;PE;58334;;Sales;76;Single;No
493;Jelani;Quitzon;M;20/3/1991;PE;93442;;Research & Development;67;Single;No
493;Manda;McKenzie;F;7/10/1989;PE;59627;;Research & Development;48;Married;No
498;Christion;Jones;;20/10/1987;CA;119208;;Research & Development;39;Married;No
499;Cheyanne;Wiza;M;8/3/1995;PE;117399;;Research & Development;97;Divorced;No
499;Evette;Marquardt;M;26/3/1999;;80151;;Research & Development;70;Divorced;Yes
500;Torrance;Hahn;;13/6/1994;PE;89393;;Research & Development;98;Married;No
501;Raquan;Schmeler;F;31/5/1990;CA;137343;;Research & Development;76;Married;No
503;Socorro;Barrows;M;6/8/1976;PE;135162;;Research & Development;80;Married;No
503;Patrick;Boehm;;23/10/1989;;111033;;Sales;52;Married;No
504;Dorla;Stark;M;14/8/1998;;134767;;Human Resources;85;Married;No
505;Lue;Von;F;10/12/1986;PE;119230;;Research & Development;81;Divorced;No
508;Ally;Turcotte;;30/6/1994;PE;130803;;Research & Development;59;Divorced;No
509;Kendall;Harvey;M;18/10/1975;CA;142874;;Research & Development;54;Single;Yes
509;Clemens;West;;12/10/1981;PE;134268;;Research & Development;55;Single;No
510;Billy;Reilly;M;30/4/1977;;75300;;Research & Development;71;Married;No
511;Mace;Cormier;M;29/5/1993;PE;122923;;Research & Development;84;Divorced;Yes
512;Cordell;Rempel;F;10/4/1995;PE;120924;;Research & Development;37;Married;Yes
512;Sybilla;Kreiger;M;20/9/1981;PE;89122;;Sales;89;Single;No
513;Devyn;O'Conner;M;12/1/1994;PE;130685;;Research & Development;59;Single;Yes
514;Mickey;Pagac;F;23/5/1984;CA;133279;;Research & Development;32;Married;Yes
514;Kenny;Shields;M;30/11/1996;PE;133041;;Human Resources;86;Married;No
515;Adelard;Abshire;F;15/12/1973;PE;66031;;Research & Development;87;Married;No
516;Chuck;Watsica;M;24/2/1984;;135153;;Sales;73;Married;Yes
516;Sherrie;Parker;;17/11/1977;CA;115952;;Research & Development;42;Single;No
517;Ashley;Emard;F;9/1/1971;PE;149670;;Research & Development;42;Divorced;No
517;Dinah;Ortiz;;21/7/1991;;129401;;Research & Development;77;Married;No
517;Alice;Doyle;M;1/8/1998;PE;119391;;Research & Development;66;Single;No
520;Olan;Homenick;;7/9/1991;TE;148916;;Sales;72;Single;No
520;Sky;Collins;;28/4/1984;CA;137270;;Research & Development;50;Married;No
520;Octavio;Emard;;29/1/1975;PE;133131;;Research & Development;31;Married;No
520;Inga;Boehm;M;8/5/1976;PE;129020;;Research & Development;66;Married;No
520;Kasey;Christiansen;;9/8/1976;CA;121419;;Research & Development;77;Married;No
520;Hazel;Bruen;F;19/1/1980;;89167;;Research & Development;41;Married;Yes
522;Sannie;White;M;13/5/1975;;117537;;Sales;33;;No
525;Semaj;Rowe;M;7/7/1970;PE;89280;;Research & Development;79;;No
527;Aurora;Fritsch;M;12/5/1970;CA;132233;;Research & Development;91;Married;No
527;Dolly;Ryan;;26/3/1992;CA;120725;;Research & Development;65;Married;No
527;Terrance;Schroeder;F;2/6/1989;PE;76154;;Research & Development;36;Married;Yes
530;Sullivan;Mueller;F;24/2/1976;PE;114085;;Research & Development;90;Divorced;No
531;Sky;Schowalter;F;17/6/1978;;68018;;Research & Development;43;Single;Yes
532;Sula;Funk;F;6/4/1979;;73487;;Research & Development;93;Divorced;No
533;Algernon;Spencer;;30/3/1983;PE;72979;;Sales;45;Married;No
535;Armani;McClure;F;20/6/1973;TE;110082;;Research & Development;67;Married;No
536;Edmund;Champlin;F;27/5/1978;PE;117105;;Sales;74;Married;Yes
537;Clarence;Kemmer;;5/1/1993;;89101;;Sales;--;Divorced;No
540;Elisha;Haag;;25/1/1984;PE;74124;;Research & Development;47;Married;No
541;Madalyn;Dach;M;11/7/1979;PE;143222;;Sales;36;Married;No
541;Ruth;Eichmann;;19/3/1973;;98816;;Research & Development;80;Married;Yes
541;Claire;Kiehn;M;7/12/1976;PE;70316;;Research & Development;54;Single;No
542;Mat;Nienow;F;14/6/1995;;141463;;Sales;36;Single;Yes
542;Casimer;Reynolds;M;6/1/1980;PE;76821;;Research & Development;80;Married;No
544;Karol;Parisian;M;1/6/1992;TE;99501;;Sales;44;Single;Yes
544;Henrietta;Greenholt;;6/4/1977;PE;93206;;Sales;93;Married;Yes
548;Francine;Mayer;M;17/2/1997;PE;80200;;Sales;87;Married;No
550;Dove;Runolfsdottir;F;4/3/1972;PE;137960;;Research & Development;48;Single;No
551;Arden;Hoeger;F;25/4/1988;;89713;;Human Resources;95;Married;Yes
552;Sydni;Rutherford;;27/12/1995;PE;123683;;Research & Development;95;Married;No
553;Brandi;Klein;F;19/10/1976;PE;71013;;Research & Development;76;Married;No
554;Denisha;Price;M;21/6/1999;PE;87662;;Research & Development;94;Divorced;No
556;Kahlil;Glover;M;19/2/1983;TE;70487;;Sales;57;Divorced;No
558;Monroe;Pacocha;M;22/8/1986;PE;122011;;Research & Development;92;Single;No
558;Miley;Kshlerin;M;21/11/1994;;66572;;Research & Development;79;Single;No
561;Kari;Conn;F;19/1/1980;;58570;;Research & Development;31;Single;No
562;Alpheus;Mayer;F;25/1/1977;PE;83631;;Research & Development;35;Married;No
563;Draven;Gleichner;F;14/11/1993;PE;109525;;Research & Development;99;Married;Yes
565;North;McLaughlin;F;31/10/1988;PE;128329;;Research & Development;96;Divorced;Yes
566;Minor;Bradtke;;28/1/1978;CA;111715;;Sales;79;Divorced;Yes
566;Mia;Von;M;11/7/1986;PE;103794;;Research & Development;73;Married;Yes
569;Fernanda;Anderson;;11/11/1973;PE;100056;;Sales;62;Married;No
569;Angella;Harvey;F;21/1/1988;CA;77758;;Research & Development;35;Married;No
570;Chimere;Wunsch;F;13/8/1997;PE;94717;;Research & Development;43;Married;No
570;Corda;Lowe;;18/4/1979;;70581;;Sales;51;Married;No
573;Laverne;Schiller;F;5/3/1976;PE;131800;;Research & Development;74;Divorced;No
575;Qiana;Gutkowski;;25/10/1971;PE;115611;;Sales;58;Divorced;No
578;Raheem;Rogahn;M;5/9/1997;;119569;;Research & Development;82;Single;No
578;Lenord;Mraz;M;25/6/1997;PE;102116;;Sales;62;Single;No
580;Rashaan;Mills;M;16/5/1997;PE;72516;;Research & Development;48;Married;No
581;Tobi;Cummings;M;7/10/1990;TE;135521;0,03;Human Resources;56;Divorced;No
583;Mabel;O'Hara;F;28/10/1982;PE;136284;;Sales;69;Married;No
583;Wally;Cremin;F;4/12/1978;PE;110306;;Research & Development;60;Single;No
583;Camila;Tillman;M;3/4/1977;PE;99941;;Research & Development;92;Single;Yes
583;Jayce;Kub;;29/5/1982;PE;97761;;Research & Development;91;Married;No
584;Kymani;Erdman;;13/5/1989;TE;82247;;Research & Development;--;Married;No
586;Barton;Stokes;F;10/5/1991;PE;97214;;Human Resources;49;Married;No
586;Arianna;Gorczany;F;15/10/1973;;87397;;Research & Development;33;Married;No
587;Sherrie;Hudson;;4/10/1970;PE;145960;;Research & Development;87;Single;No
590;Deidre;Graham;F;18/2/1984;;85806;;Research & Development;74;Divorced;Yes
590;Santana;Jones;F;9/3/1999;TE;85004;;Research & Development;96;Married;Yes
592;Marsha;Price;F;17/11/1982;TE;86095;;Research & Development;34;Single;No
592;;;;;;;;;;;
593;Syble;Ebert;;5/11/1994;PE;117818;;Sales;30;Married;No
597;Tessa;Howell;;7/10/1982;PE;83065;;Sales;77;Married;Yes
599;Joshuah;Walker;F;12/4/1982;TE;127064;;Sales;80;Married;No
599;Echo;Lowe;F;29/12/1984;PE;58458;;Research & Development;88;Married;No
600;Ewell;Hammes;M;5/9/1972;PE;119049;;Research & Development;56;Married;No
600;Lani;Lang;M;6/7/1974;;105188;;Research & Development;78;;No
606;Patty;Swift;F;26/12/1987;CA;126589;;Sales;59;;No
606;Lorrie;Crist;F;25/7/1981;PE;111104;;Sales;66;;No
606;Jonell;Frami;M;30/3/1989;PE;64124;;Human Resources;51;Married;No
606;Vela;Lueilwitz;M;13/11/1979;TE;61581;;Research & Development;67;Married;No
606;Stafford;King;M;12/12/1996;;60367;;Human Resources;52;Married;No
607;Garvin;Hermann;;21/11/1988;PE;138378;;Human Resources;70;Divorced;Yes
607;Alto;Wisozk;F;11/1/1975;PE;136728;;Sales;94;Single;No
607;Stuart;Cronin;F;18/11/1971;;128312;;Research & Development;97;Divorced;Yes
607;Taj;Cole;;11/12/1994;PE;92292;;Sales;62;Married;No
607;May;Doyle;F;21/6/1992;PE;65658;;Research & Development;80;Married;No
609;Arbie;Wiza;;7/12/1993;PE;82997;;Sales;74;Married;Yes
609;Alana;Gaylord;F;27/10/1976;;71825;;Research & Development;75;Divorced;No
610;Americo;Hyatt;M;23/9/1985;PE;148119;;Sales;70;Married;No
610;Sidney;Johnson;F;12/12/1990;PE;141549;0,03;Sales;91;Married;No
611;Deetta;Lowe;F;11/1/1971;PE;107681;;Sales;58;Married;No
611;Weldon;Cronin;M;26/12/1988;PE;83682;;Research & Development;65;Single;No
613;Leva;Berge;M;8/6/1978;PE;90204;;Sales;60;Single;Yes
615;Kyleigh;Rutherford;F;12/12/1997;PE;67230;;Research & Development;38;Married;Yes
617;Rickey;Aufderhar;;27/12/1994;PE;139864;0,03;Research & Development;57;Single;No
619;Dijon;Kohler;;2/7/1988;;82779;;Research & Development;60;Married;No
621;Saint;Hayes;F;9/8/1993;;128053;;Research & Development;90;Married;No
622;Marley;Okuneva;F;27/10/1978;PE;146836;;Research & Development;94;Single;No
622;Dakotah;Kirlin;M;5/11/1976;PE;93349;;Research & Development;87;Married;Yes
623;Tyrique;Gusikowski;F;10/2/1971;PE;145009;;Research & Development;60;Married;Yes
624;Serenity;Senger;F;19/4/1993;TE;85681;;Research & Development;97;Married;No
626;Uriah;Schmidt;;8/12/1997;PE;88767;;Research & Development;32;Divorced;No
627;Edwin;Abbott;M;21/12/1979;;139549;;Sales;31;Divorced;No
627;Alphonsine;Bode;F;13/7/1978;PE;72830;;Research & Development;40;Single;No
628;Lucretia;Shanahan;;2/7/1983;CA;128515;;Human Resources;79;Single;Yes
629;Broderick;Mills;F;25/4/1986;PE;104727;;Sales;91;Single;No
630;Iola;Hilpert;M;1/12/1974;;100923;;Sales;53;Married;No
631;Milan;O'Conner;M;1/7/1975;;116626;;Research & Development;46;Married;No
631;Becky;Murazik;F;26/3/1987;PE;112854;;Research & Development;46;Divorced;Yes
632;Linette;Mante;;27/5/1997;PE;146708;;Sales;90;Divorced;Yes
632;Josephus;Collier;M;13/11/1986;;103524;;Research & Development;99;Married;Yes
632;Sharonda;Doyle;M;22/10/1982;PE;71172;;Sales;89;Married;No
634;Corina;Schowalter;;2/3/1974;PE;91252;;Research & Development;84;Married;Yes
635;Lolita;Kuvalis;F;29/7/1988;PE;140096;;Research & Development;90;Married;No
637;Iyanna;Bauch;F;12/6/1985;PE;117873;;Research & Development;82;Married;No
638;Crockett;Zieme;;25/8/1978;PE;86551;;Human Resources;65;Divorced;No
639;Dulcie;Lemke;F;15/5/1970;;59796;;Sales;98;Divorced;No
640;Clint;Feil;F;18/12/1975;PE;120068;;Research & Development;99;Single;No
643;Stella;Homenick;M;29/9/1975;PE;149108;;Research & Development;95;Single;No
645;Kayley;Predovic;F;20/5/1973;;108400;;Research & Development;90;Married;No
645;Clearence;Turner;M;17/5/1997;PE;98536;;Sales;100;Divorced;No
646;Nova;Predovic;;25/1/1997;PE;103012;;Research & Development;93;Married;No
648;Reina;Roob;M;11/5/1994;;65167;;Research & Development;58;Single;No
648;Luella;Tromp;M;24/1/1970;PE;55559;;Research & Development;83;Single;No
655;Trey;Conn;F;21/4/1978;PE;118809;;Human Resources;52;Married;No
656;Isabel;Hilpert;M;1/3/1977;CA;64781;;Research & Development;85;Married;No
657;Juana;Russel;F;8/7/1991;;142237;;Research & Development;81;Married;Yes
659;Tatyana;Cassin;M;4/2/1987;TE;62908;;Sales;64;Married;No
660;Rebekah;Ullrich;F;4/12/1986;;118321;;Research & Development;69;Single;Yes
662;Sherwin;Witting;F;1/5/1977;PE;73338;;Research & Development;66;Divorced;No
663;Rae;Wolf;;13/1/1998;;98996;;Sales;52;Married;No
666;Alysha;Greenholt;;24/1/1984;TE;141005;;Research & Development;92;Single;No
666;Ross;Konopelski;F;30/5/1999;;87013;;Human Resources;52;Single;No
667;Tasia;Nitzsche;F;6/3/1972;PE;117011;;Research & Development;91;Married;No
667;Hymen;Kub;M;17/1/1982;PE;64141;;Research & Development;92;Married;Yes
668;Karrie;Prosacco;F;23/12/1970;PE;119203;;Sales;47;Married;No
668;Lorinda;Rogahn;;20/10/1991;PE;95436;;Sales;68;Married;No
669;Evaline;Bashirian;;20/12/1988;PE;108479;;Research & Development;68;Married;No
672;Sedrick;Waelchi;F;19/4/1975;TE;92351;;Research & Development;67;;No
672;Fannie;Lemke;M;4/9/1990;PE;85872;;Research & Development;77;;Yes
673;Aubrie;Kuphal;;29/9/1991;PE;148177;;Research & Development;46;Married;No
673;Haleigh;Herzog;M;24/7/1994;;115672;;Sales;87;Married;Yes
673;Demian;Barrows;F;29/7/1980;PE;74930;;Research & Development;33;Married;No
674;Delpha;Frami;F;2/6/1986;PE;95014;;Sales;89;Divorced;No
675;Madden;Hessel;M;21/8/1978;PE;137376;;Sales;56;Single;Yes
676;Jaelynn;Morissette;M;24/1/1981;;96862;;Research & Development;67;Divorced;No
678;Juliet;Hagenes;;19/8/1979;PE;83360;;Research & Development;73;Married;Yes
679;Marie;Gibson;M;22/3/1982;;138310;;Human Resources;92;Married;No
679;Katelin;Huels;M;17/12/1996;PE;65039;;Human Resources;53;Married;Yes
681;Kassie;Rogahn;F;23/9/1985;PE;110676;;Sales;40;Divorced;No
681;Triston;Yundt;F;29/3/1970;TE;86467;;Research & Development;79;Married;No
681;Sebrina;Gibson;F;24/3/1991;PE;72679;;Sales;38;Married;No
682;Shawanda;Harber;F;29/1/1990;PE;130551;;Research & Development;64;Married;No
683;Wesley;Wiza;F;7/6/1989;PE;68935;;Research & Development;82;Single;No
684;Ethelbert;Koch;F;15/4/1972;PE;124780;;Sales;43;Single;No
686;Harvy;Schmeler;;16/5/1982;PE;136674;;Research & Development;93;Married;No
686;Jedidiah;Carroll;M;16/2/1976;PE;124095;;Research & Development;81;Single;No
686;Charlsie;Hirthe;M;15/8/1975;PE;62393;;Research & Development;82;Married;Yes
687;Willie;Runte;;10/7/1998;;143318;;Human Resources;--;Married;No
687;Columbia;Pacocha;F;4/10/1994;PE;129147;;Research & Development;36;Single;No
687;Christa;King;F;25/3/1994;CA;128960;;Research & Development;87;Married;No
690;Dejah;Mertz;F;6/8/1978;PE;113054;;Sales;81;Married;No
690;Markel;Beer;M;5/8/1997;PE;95954;;Sales;91;Married;No
691;Georgie;Friesen;F;14/7/1986;PE;125873;;Sales;73;Divorced;Yes
692;Val;Schmitt;M;6/5/1977;PE;132677;;Human Resources;64;Divorced;No
692;London;Denesik;M;5/1/1992;CA;72160;;Research & Development;77;Single;No
693;Hakim;Towne;F;5/1/1975;PE;132437;;Research & Development;41;Single;No
695;Mack;Nolan;F;26/1/1998;PE;121793;;Research & Development;98;Single;No
696;Marco;Heidenreich;M;14/8/1978;PE;59639;;Sales;78;Married;No
698;Elvis;Kunze;M;19/6/1979;PE;138143;;Research & Development;89;Married;No
699;Gloria;Treutel;F;16/12/1995;PE;100276;;Research & Development;75;Divorced;Yes
700;Jaiden;Hirthe;M;26/9/1970;CA;62770;;Research & Development;63;Divorced;Yes
702;Clella;Greenholt;;1/6/1994;PE;121203;;Sales;89;Married;No
705;Elmo;Jacobson;M;26/1/1982;PE;104313;;Sales;64;Married;Yes
705;Kathyrn;Balistreri;F;6/3/1999;PE;68773;;Research & Development;59;Married;No
707;Ewell;Sawayn;F;23/3/1993;PE;117610;;Sales;78;Married;Yes
707;Erling;Nienow;F;31/12/1970;;94938;;Research & Development;44;Married;Yes
707;Leesa;Friesen;M;18/9/1996;;80722;;Sales;93;Divorced;No
708;Opal;Koelpin;M;21/2/1975;PE;132691;;Research & Development;94;Divorced;No
709;Loula;Botsford;F;19/1/1995;;100518;;Research & Development;98;Single;No
710;Jaycee;Koss;M;15/10/1971;TE;147143;;Research & Development;90;Single;Yes
710;Donato;Vandervort;M;18/9/1985;PE;141040;;Research & Development;89;Married;No
710;Noreen;Bayer;M;26/7/1985;;131732;;Human Resources;58;Divorced;No
710;Eldred;Kshlerin;F;24/9/1975;PE;92262;;Research & Development;78;Married;No
712;Damian;Marvin;F;21/5/1975;PE;135791;;Research & Development;85;Single;Yes
712;Yahir;Kertzmann;F;27/10/1970;;95140;;Sales;97;Single;No
712;Dann;Crooks;;25/12/1983;CA;66592;;Research & Development;33;Married;No
713;Ula;Rogahn;M;1/4/1997;;97009;;Research & Development;54;Married;No
713;Kaci;Berge;;22/3/1990;PE;72666;;Research & Development;83;Married;No
714;Sylvan;Spinka;F;9/11/1985;PE;94445;;Research & Development;86;Married;Yes
717;Helyn;Fadel;F;5/9/1985;PE;70770;;Sales;75;Single;Yes
718;Lindy;Gottlieb;M;25/2/1994;PE;66430;;Sales;62;Divorced;No
719;Leola;Schroeder;F;31/12/1972;PE;72369;;Research & Development;61;Married;No
720;Alfred;Wiza;F;20/2/1999;TE;61723;;Sales;44;Single;No
721;Hasel;Leannon;M;31/7/1989;CA;121109;;Sales;43;Single;No
723;Williemae;Wilkinson;M;22/10/1987;PE;106398;;Research & Development;42;Married;Yes
724;Gunnar;Prosacco;M;26/1/1979;PE;126024;;Research & Development;45;Married;No
725;Nova;Klein;F;28/12/1973;PE;123331;;Research & Development;32;Married;No
725;Lance;Ratke;M;3/8/1979;PE;84832;;Sales;41;Married;No
725;Corene;Boehm;M;11/2/1972;TE;76070;;Sales;86;Married;Yes
728;Matie;Lubowitz;F;27/4/1984;PE;119788;;Sales;84;;Yes
728;Carmel;Shields;F;8/1/1996;PE;81050;;Sales;64;;No
729;Abril;Hansen;;25/1/1971;TE;66703;;Research & Development;89;Single;No
731;Abraham;Botsford;M;1/6/1990;;80828;;Research & Development;87;Married;No
732;Dandre;Bartoletti;F;16/6/1975;PE;65582;;Sales;58;Single;Yes
733;Lilla;Blanda;;14/11/1978;PE;66934;;Research & Development;72;Married;Yes
735;Davon;Conn;;4/2/1971;;126723;;Sales;47;Single;Yes
735;Lucius;Kautzer;F;24/7/1994;CA;77156;;Research & Development;71;Divorced;No
739;Camille;Renner;;7/1/1988;;121689;;Research & Development;42;Divorced;No
743;Zack;Kling;F;21/11/1981;PE;138431;;Sales;77;Married;Yes
743;Katerina;Runolfsson;F;5/7/1990;PE;87137;;Research & Development;58;Married;No
743;Baker;Auer;F;28/12/1986;PE;72467;;Research & Development;71;Married;No
743;Dessa;Crona;F;6/4/1975;;60560;;Research & Development;49;Single;No
744;Viridiana;Beahan;F;29/3/1986;PE;142546;;Sales;48;Divorced;Yes
744;Ivory;Mante;M;4/9/1984;CA;81133;;Human Resources;66;Single;No
745;Tremaine;Stanton;F;29/7/1973;PE;115953;;Sales;32;Married;No
745;Norine;Bode;;2/10/1994;;112224;;Research & Development;39;Married;No
745;Stephenie;White;M;11/1/1995;PE;109304;;Research & Development;95;Married;No
745;Anjanette;Marvin;F;11/8/1996;;74834;;Research & Development;89;Single;No
747;Gladys;Morissette;F;4/8/1987;PE;133905;;Sales;34;Single;No
747;Charley;Hessel;M;23/3/1998;PE;90608;;Sales;48;Divorced;No
747;Vernia;Ritchie;M;25/10/1988;;70673;;Research & Development;32;Single;No
748;Nevin;Nicolas;F;30/8/1989;TE;81635;;Research & Development;59;Married;No
749;Hartley;Harber;;5/5/1978;;148713;;Research & Development;55;Single;Yes
749;Drake;Conroy;F;28/11/1988;TE;146475;;Research & Development;44;Married;No
749;Berneice;Wilkinson;M;15/8/1979;PE;91162;;Research & Development;56;Single;No
750;Mozelle;Ullrich;M;8/6/1999;PE;149146;;Sales;63;Single;Yes
751;Brooke;Morar;F;1/8/1983;PE;126294;;Sales;66;Single;Yes
751;Eric;Gislason;;29/10/1984;TE;70713;;Sales;67;Married;No
753;Jayne;Blanda;M;23/1/1987;PE;92728;;Research & Development;36;Single;No
754;Elige;Rempel;M;11/12/1976;PE;84343;;Sales;30;Single;No
757;Virginia;Ullrich;M;23/9/1991;PE;144957;;Sales;88;Married;Yes
757;Leota;O'Keefe;M;2/1/1994;;97408;;Research & Development;71;Married;Yes
757;Toma;Leuschke;;31/5/1999;;90620;;Research & Development;59;Married;Yes
758;Avis;Hayes;M;1/2/1987;;67180;;Research & Development;77;Married;No
759;Selene;Grady;;31/3/1991;PE;139412;;Human Resources;37;Single;No
760;Durwood;Prosacco;M;31/8/1980;CA;114870;;Human Resources;40;Married;No
761;Flor;Schamberger;M;10/5/1984;PE;101162;;Research & Development;77;Married;Yes
762;Jerica;Sauer;M;12/3/1982;;120954;;Sales;45;Married;No
762;Dolores;Trantow;F;24/5/1999;PE;117449;;Research & Development;78;Married;No
762;Fitzgerald;Welch;M;11/4/1991;CA;88134;;Research & Development;73;Single;No
762;Geary;Nienow;M;3/11/1980;PE;59300;;Research & Development;92;Divorced;No
763;Effa;Senger;F;24/7/1974;TE;143664;;Research & Development;82;Divorced;No
763;Virginia;Heaney;F;9/12/1995;TE;110331;;Research & Development;76;Divorced;No
763;Kiara;Gerlach;M;26/11/1984;;108015;;Research & Development;57;Married;Yes
763;Corda;Wehner;M;13/5/1990;CA;77291;;Sales;84;Married;No
764;Marisela;Green;F;3/12/1979;PE;67236;;Human Resources;59;Single;No
765;Hildur;Marvin;;10/1/1989;PE;120225;;Research & Development;86;Divorced;No
765;Kristen;Bechtelar;;17/6/1994;TE;95144;;Research & Development;54;Married;No
766;Johathan;Cruickshank;M;31/7/1982;CA;130472;;Research & Development;72;Married;No
766;Jace;Russel;;29/11/1998;;71119;;Research & Development;35;Married;Yes
767;Joshua;Renner;M;26/2/1979;PE;109423;;Sales;76;Married;No
769;Ardell;Carter;F;9/7/1993;TE;129321;;Sales;98;Single;No
769;Madaline;Hammes;F;24/5/1974;;66521;;Research & Development;--;Married;Yes
771;Ryleigh;Waters;;11/5/1975;PE;96238;;Research & Development;63;Divorced;No
772;Jabez;McLaughlin;M;12/1/1971;PE;141535;;Research & Development;48;Married;No
772;Linsey;Grant;F;11/11/1974;PE;73168;;Research & Development;95;Married;Yes
773;Dijon;Brakus;F;17/8/1982;;129734;;Research & Development;49;Married;No
775;Verna;Kunze;F;5/8/1991;PE;100598;;Research & Development;83;Married;No
775;Anfernee;Mitchell;F;17/5/1988;PE;92425;;Research & Development;68;Single;No
777;Charlsie;Schuppe;;24/3/1976;PE;78911;;Research & Development;52;Married;No
779;Codey;Nitzsche;F;18/6/1981;CA;85500;;Research & Development;99;Married;No
779;Bernard;Leuschke;;17/8/1980;;62571;;Research & Development;48;Married;No
779;Alannah;Spencer;M;2/8/1978;PE;55923;;Sales;42;Married;Yes
780;Destiny;Kirlin;M;30/9/1994;CA;120558;;Research & Development;85;Single;Yes
780;Casen;Rowe;M;22/4/1990;;120179;;Research & Development;40;Single;No
780;Hailey;Luettgen;M;25/2/1979;PE;64791;;Sales;42;Single;Yes
780;Elaine;Von;M;6/7/1972;PE;63224;;Research & Development;58;Single;Yes
781;Romeo;Kohler;F;30/9/1970;CA;75400;;Sales;87;Married;No
782;Harmony;Witting;M;6/11/1987;PE;91591;;Sales;33;Divorced;No
784;Duard;Reichert;F;22/5/1984;PE;146078;;Research & Development;94;Married;No
784;Vernie;Mann;;2/1/1994;;92651;;Sales;97;Married;No
784;Julisa;Murazik;;30/9/1987;PE;75235;;Research & Development;57;Married;No
785;Bridgette;Ward;F;13/7/1992;PE;77710;;Sales;36;Single;Yes
787;Willow;Shields;F;8/8/1994;PE;80748;;Sales;56;Married;No
789;Reid;Tromp;M;20/8/1990;;136597;;Research & Development;72;Married;No
790;Johnny;Wehner;F;4/7/1974;;72728;;Research & Development;60;Married;No
791;Asia;Hane;F;20/12/1995;;110038;;Research & Development;95;Divorced;No
792;Akeem;Mann;F;26/11/1974;PE;120863;;Research & Development;88;Married;No
792;Nanci;Schuppe;F;30/12/1989;PE;56949;;Research & Development;57;Single;No
793;Laurene;Kohler;M;15/2/1978;PE;121461;;Research & Development;78;Married;No
794;Daniel;Zboncak;M;23/10/1984;PE;97560;;Sales;31;Married;Yes
795;Ashlyn;Schinner;M;21/10/1977;;102601;;Sales;100;Married;No
797;Corinne;Becker;;24/3/1996;;121953;;Sales;94;Married;No
797;Oline;Bednar;F;2/11/1992;TE;121636;;Research & Development;100;Divorced;No
798;Clinton;Morar;M;5/9/1991;PE;118143;;Human Resources;50;Married;No
799;Clemens;Heathcote;F;15/8/1985;PE;107976;;Sales;52;Single;No
799;Valentino;Hudson;M;16/9/1988;PE;98463;;Sales;80;Married;Yes
801;Kazuko;Bechtelar;;3/4/1995;PE;97902;;Sales;98;Single;No
801;Raven;Hammes;M;20/6/1988;;97382;;Sales;62;Married;No
802;Hilton;Nienow;;13/10/1993;TE;75005;;Research & Development;46;Divorced;Yes
805;Tommie;Kreiger;F;19/2/1981;CA;139040;;Research & Development;73;Married;No
805;Blanche;Abernathy;;25/6/1989;PE;77772;;Research & Development;39;Married;Yes
806;Clair;Stokes;M;31/8/1978;PE;76691;;Research & Development;60;Divorced;No
808;Katharyn;Boyer;M;28/1/1971;PE;103177;;Research & Development;74;Married;No
808;Aleah;Bosco;M;13/4/1976;PE;67831;;Research & Development;30;Divorced;No
809;Milas;Williamson;F;2/11/1977;PE;93584;;Sales;41;Single;No
812;Sincere;Russel;F;21/10/1996;PE;139171;;Sales;42;Single;No
812;Kayley;Walker;;13/8/1981;;89921;;Research & Development;87;Married;Yes
813;Cyril;Fahey;M;16/4/1971;CA;146821;;Sales;63;Divorced;No
813;Rudolf;Paucek;F;7/3/1972;;110663;;Research & Development;82;Married;No
813;Laura;Hartmann;F;5/12/1988;PE;63915;;Research & Development;40;Married;Yes
814;Jarrod;Williamson;F;24/7/1989;PE;126979;;Research & Development;76;Married;No
814;Laddie;Stroman;F;11/1/1996;PE;72613;;Sales;89;Single;Yes
814;Chaya;Zboncak;M;16/5/1989;PE;62362;;Research & Development;78;Divorced;No
814;Kendall;Kilback;M;5/9/1984;PE;59078;;;86;Married;Yes
817;Lacey;Dickens;F;23/7/1971;;96147;;Sales;77;Married;No
818;Racheal;Funk;M;23/1/1988;PE;120223;;Sales;46;Married;No
818;Mikeal;Deckow;M;5/12/1970;TE;99191;;Research & Development;30;Single;Yes
819;Jed;Casper;;21/4/1998;CA;98343;;Sales;82;Married;No
824;Mathilda;Cormier;F;7/8/1978;TE;140012;;Research & Development;78;Married;Yes
824;Brendan;Block;F;10/10/1996;TE;123597;;Sales;38;Divorced;No
824;Kami;Langworth;M;22/8/1996;PE;72960;;Human Resources;72;Single;No
825;Loris;Volkman;M;26/7/1994;CA;83511;;Research & Development;55;Married;No
826;Braydon;Ritchie;F;17/5/1995;PE;60911;;Research & Development;43;Single;No
827;Venie;Becker;M;15/3/1973;TE;148967;;Sales;97;Single;No
828;Magdalena;Reichert;M;2/9/1993;PE;55366;;Research & Development;96;Single;No
829;Halley;Armstrong;M;15/7/1972;PE;96508;;Research & Development;69;Married;Yes
829;Shade;Runte;M;8/11/1991;PE;56935;;Sales;64;Divorced;No
835;Zelia;Lakin;M;2/7/1989;CA;125912;;Research & Development;87;Married;No
835;Olar;Pagac;M;15/2/1997;;93548;;Research & Development;100;Married;No
835;Vikki;Schiller;M;31/10/1984;PE;72145;;Research & Development;32;Divorced;No
836;Tammy;Nolan;;2/8/1974;TE;127199;;Research & Development;32;Single;No
837;Nikhil;Lemke;F;6/6/1982;PE;109382;;Research & Development;51;Divorced;No
840;Vassie;Turcotte;F;22/5/1999;PE;138513;;Research & Development;91;Single;No
841;Kimber;Larson;F;24/3/1998;PE;149164;;Research & Development;97;Married;No
841;Annamarie;Blanda;M;23/3/1982;PE;106169;;Research & Development;86;Married;No
841;Sarai;Heidenreich;F;8/3/1983;PE;76742;;Research & Development;64;Divorced;Yes
843;Lillian;Bogisich;;12/11/1991;PE;72411;;Sales;33;Married;No
845;Wendel;Dibbert;F;2/8/1992;PE;144099;;Research & Development;88;Married;Yes
845;Candace;Predovic;M;2/3/1986;TE;98922;;Research & Development;55;Single;Yes
845;Shellie;Zboncak;M;27/8/1988;PE;80332;;Research & Development;68;Married;No
845;Kayleen;Hodkiewicz;F;29/5/1986;;58755;;Sales;47;Divorced;No
846;Cleo;O'Kon;M;22/12/1974;PE;108288;;Research & Development;39;Divorced;No
846;Rutha;Emmerich;F;16/12/1993;CA;73547;;Research & Development;44;Divorced;No
847;Dequan;Brown;;29/5/1986;PE;119370;;Sales;97;Married;No
847;Cory;Funk;F;18/2/1999;PE;80614;;Research & Development;40;Divorced;Yes
850;Arnulfo;Dickens;F;16/11/1995;PE;135303;;Research & Development;47;Single;No
850;Jeffry;Kreiger;M;7/4/1983;PE;79429;;Research & Development;79;Divorced;Yes
850;Darryle;Stracke;;3/6/1978;TE;77865;;Research & Development;38;Single;Yes
852;Alston;Bauch;;4/12/1979;PE;109846;;Research & Development;57;Single;No
854;Ama;Hilll;;10/8/1997;;98448;;Research & Development;72;Single;Yes
855;Carla;Witting;F;7/2/1977;PE;96996;;Sales;66;Divorced;No
858;Larkin;Aufderhar;F;14/11/1997;;113114;;Research & Development;98;Married;No
860;Tera;Glover;M;7/4/1972;TE;123495;;Human Resources;67;Divorced;No
863;Eileen;Boyle;F;25/5/1995;CA;96924;;Research & Development;70;Single;Yes
866;Nadine;Bednar;F;26/8/1978;PE;128460;;Research & Development;96;Married;No
866;Park;Harber;M;23/12/1989;PE;94897;;Research & Development;91;Married;No
866;Corinna;Parker;F;4/3/1985;CA;84403;;Sales;46;Married;No
866;Evonne;Conn;M;21/9/1992;PE;55730;;Research & Development;64;Single;No
867;Vicente;Veum;;14/4/1971;PE;98806;;Sales;71;Single;No
867;Greta;Dickinson;F;29/4/1990;PE;81093;;Sales;68;Divorced;No
870;Shaniece;Kovacek;M;27/12/1990;PE;144102;;Research & Development;33;Married;No
870;Jacquez;Gutmann;F;20/1/1979;TE;75846;;Sales;69;Divorced;Yes
870;Dillan;Turcotte;M;29/7/1995;PE;68520;;Sales;78;Married;No
873;Minta;Schmitt;F;17/4/1972;CA;108987;;Human Resources;81;Divorced;No
875;Selmer;Vandervort;;10/1/1981;TE;116517;;Research & Development;62;Married;No
875;Ione;Jerde;F;5/10/1971;PE;109073;;Sales;65;Divorced;No
878;Monnie;Mante;F;29/6/1997;TE;91829;;Research & Development;35;Married;No
880;Shelly;Konopelski;M;28/5/1990;PE;111792;;Research & Development;60;Single;No
882;Christeen;Borer;M;12/9/1981;PE;133983;;Research & Development;45;Married;No
884;Pablo;Bogan;M;3/11/1989;;123759;;Research & Development;89;Married;No
884;Nelly;Kiehn;F;23/10/1970;;59296;;Research & Development;80;Single;No
885;Elvis;Medhurst;F;25/8/1987;CA;141046;;Research & Development;90;Married;No
885;Estela;Smitham;F;6/4/1992;PE;123140;;Sales;73;Single;No
885;Barnett;Schneider;M;29/5/1980;PE;55153;;Research & Development;87;Married;Yes
886;Ambers;Bergstrom;F;26/4/1975;;119200;;Research & Development;51;Married;Yes
886;Baby;Towne;F;14/9/1983;TE;95548;;Sales;38;Married;No
888;Byrdie;Rolfson;F;17/4/1988;;56176;;Sales;87;Married;No
889;Zechariah;Will;F;27/6/1977;PE;127310;;Sales;59;Single;Yes
889;Hollie;Muller;;4/4/1973;CA;116101;;Research & Development;45;Married;No
892;Oline;Hagenes;F;25/2/1980;;124195;;Research & Development;80;Married;Yes
892;Theta;Kirlin;M;29/8/1975;PE;115004;;Sales;93;Married;No
892;Sonji;King;;9/12/1981;PE;107375;;Research & Development;46;Married;No
892;Celestine;Walker;M;12/10/1972;CA;83549;;Sales;92;Divorced;No
893;Janiah;Little;F;3/12/1978;PE;142787;;Research & Development;84;Single;No
893;Cheyenne;Schroeder;M;21/2/1972;CA;126051;;Research & Development;87;Married;No
894;Virgie;Bradtke;M;6/10/1994;PE;86863;;Research & Development;63;Married;No
896;Efrem;Cronin;;7/5/1989;TE;58196;;Research & Development;56;Married;No
898;Kristie;Ullrich;;11/10/1989;PE;108635;;Research & Development;51;Divorced;Yes
900;Talmage;Kirlin;F;7/2/1977;TE;118016;;Sales;85;Divorced;Yes
900;Izaiah;West;F;4/2/1994;TE;95099;;Research & Development;41;Single;Yes
900;Kate;Blick;F;10/5/1975;CA;90927;;Research & Development;35;Single;No
900;Encarnacion;Hand;;11/6/1977;PE;77769;;Sales;31;Single;Yes
901;Nikki;D'Amore;;9/8/1985;CA;108287;;Research & Development;48;Married;No
901;Lary;Krajcik;M;30/8/1993;PE;73623;;Research & Development;50;Married;Yes
905;Devon;Kozey;M;1/6/1973;;66593;;Research & Development;52;Single;No
906;Augustin;Bins;;27/6/1987;PE;136597;;Research & Development;54;Married;No
906;Florene;O'Connell;M;3/4/1979;PE;133971;;Research & Development;76;Single;Yes
908;Angella;Stanton;F;2/8/1995;;104029;;Research & Development;42;Married;No
910;Violet;Metz;M;9/3/1978;CA;106724;;Research & Development;84;Divorced;No
910;Dereck;Jacobson;F;27/1/1977;;79325;;Sales;76;Married;No
911;Landen;Predovic;F;21/6/1988;CA;125038;;Sales;67;Single;No
911;Hildred;McKenzie;M;23/3/1970;PE;98515;;Research & Development;48;Single;No
914;Phylicia;Gerlach;;18/12/1996;CA;146603;;Research & Development;39;Single;No
914;Tab;Zulauf;M;15/6/1991;PE;68168;;Research & Development;97;Divorced;No
916;Jerrad;Orn;;15/12/1976;PE;142640;;Research & Development;70;Married;Yes
917;Jeff;Jacobs;M;6/11/1980;TE;98247;;Research & Development;98;Single;No
919;Michial;Oberbrunner;M;26/8/1983;PE;142240;;Research & Development;76;Single;No
919;Gerda;Hane;F;2/7/1994;PE;140632;;Research & Development;80;Single;No
919;Carter;Howe;F;12/8/1978;PE;109318;;Research & Development;52;Married;No
920;Devan;Harris;M;26/9/1972;PE;124033;;Sales;85;Married;No
921;Odis;Stracke;;6/5/1982;TE;86325;;Human Resources;81;Divorced;No
921;Kory;Luettgen;M;28/4/1993;PE;70790;;Research & Development;59;Married;No
922;Errol;Pfeffer;M;17/1/1992;;91406;;Research & Development;54;Single;Yes
924;Takisha;Stanton;F;19/6/1996;PE;100116;;Research & Development;55;Married;No
924;Ocie;Lakin;M;9/12/1970;TE;71623;;Research & Development;71;Married;No
927;Jaelynn;Corkery;F;21/10/1999;PE;136524;;Research & Development;84;Divorced;Yes
928;Domenico;Howe;;19/1/1973;PE;136394;;Research & Development;37;Married;Yes
928;Ottis;Collier;M;20/11/1993;PE;109456;;Research & Development;89;Divorced;No
928;West;Blanda;M;21/8/1999;PE;71422;;Sales;59;Divorced;Yes
928;Furman;Kiehn;F;3/1/1974;;59444;;Research & Development;32;Divorced;Yes
930;Joshuah;O'Keefe;M;5/1/1974;CA;142896;;Research & Development;86;Married;No
931;Sommer;Johnston;F;24/11/1972;PE;95217;;Human Resources;87;Single;No
932;Lucia;Bogan;M;27/10/1994;PE;137985;;Research & Development;73;Single;Yes
936;Marsha;Ledner;F;23/12/1982;PE;143806;;Sales;42;Single;No
936;Freda;Dare;;4/3/1970;PE;97777;;Research & Development;42;Married;No
937;Rylan;Stroman;M;24/6/1971;PE;141575;;Research & Development;77;Married;No
937;Roby;Hudson;M;15/1/1997;;137659;;Research & Development;66;Married;No
937;Emeline;Klocko;F;29/5/1975;PE;68156;;Research & Development;72;Married;No
939;Kennard;Hintz;M;12/6/1988;PE;71052;;Sales;50;Married;No
940;Marlana;Moen;F;5/5/1979;CA;140611;;Research & Development;31;Divorced;No
941;Jose;Breitenberg;F;2/7/1985;;142567;;Research & Development;66;Married;No
942;Kaiya;Legros;;15/10/1986;;63683;;Research & Development;77;Divorced;No
945;Shanelle;Rolfson;F;1/9/1970;CA;140563;;Research & Development;41;Divorced;Yes
945;Twila;Dickinson;F;15/2/1995;PE;65375;;Research & Development;33;Single;No
946;Mustafa;Kreiger;F;11/3/1983;PE;125503;;Sales;79;Married;No
947;Kirby;Schmitt;M;19/1/1970;PE;138064;;Research & Development;91;Married;No
948;Gerry;Kunze;F;21/11/1990;;110341;;Research & Development;65;Single;No
948;Dorsey;Runte;M;25/4/1982;PE;84865;;Research & Development;36;Single;Yes
950;Adrienne;Stokes;F;28/7/1982;CA;97453;;Research & Development;90;Married;No
951;Emery;Steuber;M;9/2/1988;;77892;;Research & Development;43;Married;Yes
951;Farris;Hirthe;M;10/12/1986;;74274;;Research & Development;93;Divorced;No
953;Pleas;Flatley;M;24/12/1973;PE;72630;;Research & Development;45;Divorced;No
954;Carin;Prosacco;M;24/6/1987;TE;143630;;Sales;67;Married;No
954;Margarite;Cassin;F;10/7/1981;PE;61076;;Research & Development;74;Single;Yes
956;Williemae;Nikolaus;M;10/3/1973;PE;117500;;Sales;42;Divorced;No
957;Damon;Rutherford;M;24/2/1976;CA;91380;;Sales;47;Single;No
957;Nettie;Monahan;;6/7/1998;PE;91047;;Research & Development;36;Single;No
958;Ottis;Wiegand;F;27/9/1977;PE;139409;;Sales;80;Divorced;Yes
958;Chantel;Shanahan;M;22/5/1992;PE;72408;;Research & Development;54;Single;No
960;Laurie;Nienow;M;1/4/1993;PE;127405;;Research & Development;36;Married;Yes
960;Madonna;Schmeler;;20/6/1972;PE;94692;;Sales;80;Married;No
961;Meryl;Hammes;F;31/3/1974;;145884;;Research & Development;44;Divorced;Yes
962;Walton;Howell;M;1/6/1996;PE;76389;;Sales;93;Married;Yes
963;Burley;Lakin;F;6/12/1971;CA;116648;;Sales;87;Divorced;No
963;Bea;Lueilwitz;F;16/1/1988;PE;85676;;Sales;48;Married;No
965;Sudie;Mayert;M;27/8/1994;;115256;;Research & Development;95;Divorced;Yes
965;Janell;Heaney;F;9/6/1991;PE;80659;;Human Resources;95;;No
966;Donal;Fay;M;27/5/1998;CA;64259;;Research & Development;76;;No
967;Novella;Streich;;5/6/1992;PE;127460;;Research & Development;94;;No
969;Marget;West;M;11/10/1979;PE;79230;;Research & Development;57;Married;No
971;Phebe;Turcotte;F;7/8/1988;;141422;;Sales;92;Married;No
971;Elvis;Bosco;;7/3/1977;PE;130542;;Research & Development;79;Married;No
975;Evonne;McGlynn;;23/11/1989;TE;66660;;Research & Development;31;Married;No
976;Cinthia;Kutch;;2/9/1993;PE;121833;;Research & Development;35;Divorced;No
979;Emery;Conn;M;23/10/1995;PE;138214;;Research & Development;99;Married;Yes
980;Gisselle;Goodwin;M;2/1/1990;TE;136427;;Research & Development;96;Divorced;Yes
981;Keanna;Nicolas;F;8/5/1994;PE;64265;;Research & Development;79;Divorced;Yes
982;Riley;Orn;;9/1/1978;PE;82041;;;73;Single;Yes
983;Randell;Dickens;M;27/6/1981;PE;98427;;Research & Development;62;Married;No
983;Gerald;Pfeffer;M;25/3/1999;CA;97350;;Sales;--;Married;No
983;Rosendo;Rau;F;6/11/1987;PE;80392;;Research & Development;--;Single;No
984;Felicity;Renner;M;14/8/1978;PE;81751;;Research & Development;51;Single;No
985;Elba;Predovic;F;17/8/1990;PE;104396;;;74;Married;No
986;Elmyra;Mertz;M;15/4/1981;PE;105395;;Research & Development;58;Married;No
990;Maryellen;Stanton;;26/9/1993;PE;80038;;;82;Divorced;No
991;Malvina;Cole;F;25/9/1971;PE;66400;;Research & Development;62;Divorced;No
992;Aleta;Kessler;F;2/11/1993;PE;94994;;;48;Married;No
992;Oda;Becker;M;22/6/1980;PE;76005;;Research & Development;56;Single;No
994;Gertie;Veum;M;16/11/1994;;78682;;Human Resources;69;Divorced;No
995;Diamond;Corkery;M;25/5/1974;PE;132008;;;60;Single;No
996;Linnie;Larson;F;4/3/1980;PE;92815;;Research & Development;92;Single;Yes
997;Agusta;Emmerich;M;5/12/1972;PE;114085;;Research & Development;91;Divorced;No
997;Andrew;Schulist;F;2/1/1971;PE;101940;;Research & Development;34;Single;No
997;Brook;Turner;M;21/6/1990;;80734;;Research & Development;49;Married;No
999;Maceo;Wisoky;M;12/11/1983;PE;142838;;Human Resources;33;Married;No
